"Date ","series ","OPEN ","HIGH ","LOW ","PREV. CLOSE ","ltp ","close ","vwap ","52W H ","52W L ","VOLUME ","VALUE ","No of trades "
"27-Aug-2024","EQ","3,021.00","3,026.95","2,998.90","3,025.20","3,001.00","3,000.90","3,008.12","3,217.60","2,220.30","31,25,578","9,40,21,08,149.05","1,01,024"
"26-Aug-2024","EQ","3,013.95","3,046.00","3,006.00","2,999.95","3,021.20","3,025.20","3,028.80","3,217.60","2,220.30","44,08,057","13,35,11,14,538.35","2,37,540"
"23-Aug-2024","EQ","3,007.50","3,022.65","2,996.85","2,996.25","2,996.85","2,999.95","3,007.21","3,217.60","2,220.30","46,24,827","13,90,78,42,193.30","1,68,002"
"22-Aug-2024","EQ","3,006.00","3,013.00","2,981.30","2,997.35","2,996.50","2,996.25","2,994.88","3,217.60","2,220.30","52,22,891","15,64,19,35,953.20","2,33,216"
"21-Aug-2024","EQ","2,986.50","3,015.75","2,980.00","2,991.90","2,999.00","2,997.35","3,001.42","3,217.60","2,220.30","38,84,998","11,66,05,26,038.60","1,41,353"
"20-Aug-2024","EQ","2,994.45","3,007.85","2,980.05","2,976.80","2,986.50","2,991.90","2,996.98","3,217.60","2,220.30","42,05,904","12,60,50,24,714.40","1,75,516"
"19-Aug-2024","EQ","2,965.00","2,996.60","2,961.00","2,956.40","2,979.00","2,976.80","2,980.25","3,217.60","2,220.30","68,98,871","20,56,03,27,724.60","2,00,328"
"16-Aug-2024","EQ","2,937.30","2,960.80","2,916.10","2,923.70","2,957.75","2,956.40","2,944.77","3,217.60","2,220.30","47,08,451","13,86,53,25,209.75","1,87,365"
"14-Aug-2024","EQ","2,927.10","2,944.00","2,907.40","2,927.25","2,920.10","2,923.70","2,925.78","3,217.60","2,220.30","31,33,733","9,16,86,16,380.80","1,85,733"
"13-Aug-2024","EQ","2,921.50","2,940.15","2,916.00","2,921.25","2,925.00","2,927.25","2,928.29","3,217.60","2,220.30","31,32,532","9,17,29,71,802.70","1,34,517"
"12-Aug-2024","EQ","2,940.00","2,946.00","2,915.50","2,948.60","2,923.00","2,921.25","2,929.82","3,217.60","2,220.30","40,92,292","11,98,96,80,025.65","1,88,301"
"09-Aug-2024","EQ","2,920.00","2,953.00","2,912.00","2,898.25","2,946.10","2,948.60","2,939.20","3,217.60","2,220.30","31,24,888","9,18,46,80,574.05","1,50,169"
"08-Aug-2024","EQ","2,915.05","2,930.00","2,891.85","2,929.65","2,896.45","2,898.25","2,905.69","3,217.60","2,220.30","61,93,596","17,99,66,62,105.65","2,55,138"
"07-Aug-2024","EQ","2,938.00","2,945.00","2,923.00","2,912.10","2,930.00","2,929.65","2,930.89","3,217.60","2,220.30","40,87,284","11,97,93,63,870.55","2,76,362"
"06-Aug-2024","EQ","2,910.30","2,955.00","2,902.65","2,894.65","2,915.55","2,912.10","2,929.53","3,217.60","2,220.30","51,18,093","14,99,35,89,440.05","1,97,549"
"05-Aug-2024","EQ","2,960.00","2,967.80","2,866.50","2,998.65","2,896.00","2,894.65","2,901.81","3,217.60","2,220.30","85,23,352","24,73,31,28,212.00","4,48,630"
"02-Aug-2024","EQ","3,010.00","3,018.65","2,986.55","3,030.60","2,992.00","2,998.65","3,001.82","3,217.60","2,220.30","51,34,124","15,41,16,92,078.15","1,76,635"
"01-Aug-2024","EQ","3,024.00","3,036.00","3,008.60","3,010.85","3,035.90","3,030.60","3,025.50","3,217.60","2,220.30","53,82,111","16,28,35,66,572.30","2,19,081"
"31-Jul-2024","EQ","3,008.00","3,020.90","3,002.30","3,026.30","3,009.00","3,010.85","3,010.83","3,217.60","2,220.30","50,28,673","15,14,04,71,169.85","2,01,961"
"30-Jul-2024","EQ","3,034.05","3,050.00","3,020.00","3,040.20","3,023.00","3,026.30","3,033.38","3,217.60","2,220.30","41,14,104","12,47,96,37,390.30","1,84,296"
"29-Jul-2024","EQ","3,023.90","3,055.00","3,023.55","3,018.05","3,038.25","3,040.20","3,038.43","3,217.60","2,220.30","37,69,275","11,45,26,61,155.40","1,70,155"
"26-Jul-2024","EQ","2,984.80","3,024.85","2,980.70","2,984.80","3,018.60","3,018.05","3,012.08","3,217.60","2,220.30","49,29,970","14,84,94,80,970.80","1,80,757"
"25-Jul-2024","EQ","2,962.00","3,000.95","2,954.15","2,991.40","2,988.35","2,984.80","2,980.72","3,217.60","2,220.30","62,59,938","18,65,91,22,151.40","2,21,753"
"24-Jul-2024","EQ","2,970.00","3,019.00","2,952.80","2,975.80","2,988.00","2,991.40","2,987.68","3,217.60","2,220.30","59,56,681","17,79,66,51,407.60","2,32,120"
"23-Jul-2024","EQ","3,002.00","3,011.50","2,926.00","3,001.35","2,970.05","2,975.80","2,969.60","3,217.60","2,220.30","90,26,022","26,80,36,49,945.60","3,84,359"
"22-Jul-2024","EQ","3,074.50","3,075.00","2,998.55","3,110.30","3,004.00","3,001.35","3,016.24","3,217.60","2,220.30","98,37,188","29,67,13,39,998.45","4,65,224"
"19-Jul-2024","EQ","3,172.00","3,179.95","3,105.60","3,173.35","3,116.95","3,110.30","3,128.40","3,217.60","2,220.30","65,70,195","20,55,41,78,349.45","2,13,186"
"18-Jul-2024","EQ","3,152.00","3,187.80","3,115.65","3,152.50","3,170.60","3,173.35","3,155.52","3,217.60","2,220.30","61,49,187","19,40,39,09,511.40","2,12,178"
"16-Jul-2024","EQ","3,187.00","3,200.00","3,138.25","3,194.45","3,148.30","3,152.50","3,166.04","3,217.60","2,220.30","46,93,419","14,85,95,48,266.10","2,30,262"
"15-Jul-2024","EQ","3,208.90","3,211.70","3,171.00","3,193.45","3,193.60","3,194.45","3,191.40","3,217.60","2,220.30","26,64,844","8,50,45,91,755.00","1,87,867"
"12-Jul-2024","EQ","3,169.00","3,210.30","3,149.00","3,161.30","3,195.00","3,193.45","3,186.07","3,217.60","2,220.30","64,62,392","20,58,96,34,191.20","2,46,838"
"11-Jul-2024","EQ","3,175.00","3,208.50","3,141.00","3,168.45","3,170.00","3,161.30","3,169.61","3,217.60","2,220.30","59,70,473","18,92,40,71,474.55","2,46,252"
"10-Jul-2024","EQ","3,190.00","3,195.00","3,126.30","3,180.55","3,164.00","3,168.45","3,154.77","3,217.60","2,220.30","35,67,289","11,25,39,68,347.05","1,82,113"
"09-Jul-2024","EQ","3,195.20","3,201.00","3,161.00","3,201.80","3,176.30","3,180.55","3,178.56","3,217.60","2,220.30","34,80,001","11,06,14,03,124.60","1,59,638"
"08-Jul-2024","EQ","3,178.00","3,217.60","3,165.05","3,177.25","3,201.50","3,201.80","3,195.83","3,217.60","2,220.30","47,50,403","15,18,14,79,272.55","2,40,527"
"05-Jul-2024","EQ","3,107.65","3,197.00","3,096.00","3,108.05","3,189.90","3,177.25","3,149.82","3,197.00","2,220.30","61,34,855","19,32,37,16,027.90","2,61,494"
"04-Jul-2024","EQ","3,114.00","3,135.00","3,101.60","3,104.85","3,106.00","3,108.05","3,116.99","3,162.00","2,220.30","34,18,588","10,65,57,15,706.45","1,73,336"
"03-Jul-2024","EQ","3,132.65","3,150.00","3,085.55","3,130.35","3,109.00","3,104.85","3,104.97","3,162.00","2,220.30","45,24,810","14,04,94,06,822.65","1,85,754"
"02-Jul-2024","EQ","3,139.00","3,147.00","3,114.00","3,120.30","3,126.20","3,130.35","3,129.71","3,162.00","2,220.30","38,74,623","12,12,64,29,929.15","1,79,115"
"01-Jul-2024","EQ","3,125.05","3,158.80","3,111.35","3,130.80","3,123.00","3,120.30","3,126.53","3,162.00","2,220.30","38,62,153","12,07,51,37,299.45","1,86,641"
"28-Jun-2024","EQ","3,062.05","3,162.00","3,062.05","3,061.10","3,128.25","3,130.80","3,120.51","3,162.00","2,220.30","1,44,78,668","45,18,08,50,345.25","4,84,009"
"27-Jun-2024","EQ","3,027.50","3,075.00","3,012.00","3,028.05","3,057.10","3,061.10","3,056.99","3,075.00","2,220.30","1,41,91,515","43,38,32,60,604.40","4,37,882"
"26-Jun-2024","EQ","2,892.10","3,037.95","2,890.25","2,908.30","3,021.10","3,028.05","2,984.44","3,037.95","2,220.30","1,10,07,441","32,85,09,99,298.60","3,55,204"
"25-Jun-2024","EQ","2,886.00","2,911.85","2,882.00","2,882.95","2,905.05","2,908.30","2,897.19","3,029.00","2,220.30","35,22,693","10,20,59,07,632.15","1,43,772"
"24-Jun-2024","EQ","2,891.05","2,899.00","2,875.00","2,908.40","2,885.00","2,882.95","2,885.46","3,029.00","2,220.30","44,39,193","12,80,91,05,423.85","2,04,050"
"21-Jun-2024","EQ","2,947.25","2,949.40","2,881.15","2,947.40","2,912.00","2,908.40","2,909.13","3,029.00","2,220.30","1,55,85,180","45,33,93,57,875.00","3,38,377"
"20-Jun-2024","EQ","2,918.00","2,965.70","2,900.20","2,917.30","2,949.00","2,947.40","2,945.61","3,029.00","2,220.30","80,56,888","23,73,24,84,114.90","2,19,372"
"19-Jun-2024","EQ","2,975.00","2,975.00","2,912.00","2,962.05","2,917.00","2,917.30","2,935.27","3,029.00","2,220.30","43,62,937","12,80,63,97,074.45","1,81,800"
"18-Jun-2024","EQ","2,974.70","2,974.80","2,942.70","2,955.10","2,959.90","2,962.05","2,956.95","3,029.00","2,220.30","35,98,383","10,64,02,38,520.10","2,28,749"
"14-Jun-2024","EQ","2,940.00","2,959.35","2,914.45","2,930.50","2,951.45","2,955.10","2,944.28","3,029.00","2,220.30","40,78,999","12,00,97,35,003.50","1,50,934"
"13-Jun-2024","EQ","2,944.00","2,944.50","2,920.20","2,926.65","2,927.60","2,930.50","2,932.52","3,029.00","2,220.30","45,90,580","13,46,19,77,299.90","1,50,823"
"12-Jun-2024","EQ","2,915.00","2,952.00","2,910.35","2,913.35","2,924.50","2,926.65","2,933.93","3,029.00","2,220.30","50,40,871","14,78,95,62,953.35","1,94,907"
"11-Jun-2024","EQ","2,938.00","2,947.35","2,909.35","2,942.80","2,915.05","2,913.35","2,927.47","3,029.00","2,220.30","58,87,451","17,23,53,09,310.25","2,10,257"
"10-Jun-2024","EQ","2,939.90","2,986.70","2,936.15","2,939.90","2,944.05","2,942.80","2,961.63","3,029.00","2,220.30","46,25,880","13,70,01,44,470.70","2,13,285"
"07-Jun-2024","EQ","2,857.00","2,944.00","2,853.00","2,863.20","2,931.10","2,939.90","2,917.34","3,029.00","2,220.30","92,79,348","27,07,10,00,141.85","3,44,744"
"06-Jun-2024","EQ","2,870.00","2,887.40","2,842.70","2,841.50","2,872.00","2,863.20","2,860.47","3,029.00","2,220.30","89,27,861","25,53,78,85,916.05","3,61,277"
"05-Jun-2024","EQ","2,844.00","2,862.30","2,768.20","2,794.55","2,838.85","2,841.50","2,821.32","3,029.00","2,220.30","87,32,445","24,63,70,03,697.65","4,74,290"
"04-Jun-2024","EQ","2,996.10","2,996.10","2,718.60","3,020.65","2,816.45","2,794.55","2,840.81","3,029.00","2,220.30","1,83,54,549","52,14,18,56,366.90","6,87,198"
"03-Jun-2024","EQ","2,966.00","3,029.00","2,918.00","2,860.80","3,027.75","3,020.65","2,978.07","3,029.00","2,220.30","1,07,63,971","32,05,59,04,968.10","5,27,552"
"31-May-2024","EQ","2,862.60","2,884.50","2,844.50","2,849.70","2,859.00","2,860.80","2,859.97","3,024.90","2,220.30","1,55,34,916","44,42,93,52,174.10","2,91,018"
"30-May-2024","EQ","2,871.00","2,880.80","2,840.20","2,881.55","2,859.10","2,849.70","2,853.56","3,024.90","2,220.30","66,03,429","18,84,33,10,309.75","2,48,791"
"29-May-2024","EQ","2,893.00","2,916.00","2,876.90","2,912.40","2,881.05","2,881.55","2,892.28","3,024.90","2,220.30","36,91,778","10,67,76,49,558.60","1,66,778"
"28-May-2024","EQ","2,936.00","2,957.00","2,905.50","2,932.50","2,911.00","2,912.40","2,930.70","3,024.90","2,220.30","39,10,081","11,45,92,72,719.50","1,77,899"
"27-May-2024","EQ","2,960.45","2,969.80","2,923.10","2,960.50","2,934.90","2,932.50","2,944.31","3,024.90","2,220.30","33,14,505","9,75,89,27,330.85","1,42,936"
"24-May-2024","EQ","2,967.25","2,977.00","2,952.20","2,972.10","2,959.00","2,960.50","2,962.79","3,024.90","2,220.30","35,47,388","10,51,01,70,789.40","1,42,807"
"23-May-2024","EQ","2,917.10","2,984.45","2,910.00","2,921.30","2,969.00","2,972.10","2,956.98","3,024.90","2,220.30","73,04,130","21,59,81,31,626.70","2,54,418"
"22-May-2024","EQ","2,872.55","2,937.55","2,872.55","2,872.25","2,921.00","2,921.30","2,918.56","3,024.90","2,220.30","51,40,802","15,00,37,55,079.70","2,41,909"
"21-May-2024","EQ","2,851.20","2,883.65","2,851.20","2,869.65","2,867.95","2,872.25","2,867.19","3,024.90","2,220.30","55,88,064","16,02,20,37,765.60","3,03,596"
"18-May-2024","EQ","2,875.00","2,879.00","2,865.40","2,871.40","2,869.50","2,869.65","2,871.38","3,024.90","2,220.30","2,13,020","61,16,60,842.00","9,456"
"17-May-2024","EQ","2,846.10","2,874.40","2,826.50","2,850.70","2,870.10","2,871.40","2,859.68","3,024.90","2,220.30","54,58,238","15,60,87,99,277.70","2,00,677"
"16-May-2024","EQ","2,837.10","2,855.00","2,796.05","2,832.55","2,851.00","2,850.70","2,830.30","3,024.90","2,220.30","73,55,887","20,81,93,70,913.85","3,59,411"
"15-May-2024","EQ","2,841.00","2,859.95","2,826.05","2,840.15","2,831.70","2,832.55","2,841.94","3,024.90","2,220.30","25,23,267","7,17,09,75,946.20","1,47,326"
"14-May-2024","EQ","2,801.95","2,854.15","2,800.05","2,805.40","2,839.00","2,840.15","2,834.55","3,024.90","2,220.30","35,94,150","10,18,77,93,904.10","2,48,782"
"13-May-2024","EQ","2,799.80","2,813.95","2,768.00","2,814.85","2,805.00","2,805.40","2,795.26","3,024.90","2,220.30","42,28,310","11,81,92,08,707.95","2,00,542"
"10-May-2024","EQ","2,793.50","2,820.00","2,776.15","2,788.25","2,808.00","2,814.85","2,800.80","3,024.90","2,220.30","52,52,548","14,71,13,41,390.80","2,38,752"
"09-May-2024","EQ","2,826.00","2,847.50","2,780.00","2,837.10","2,785.00","2,788.25","2,800.69","3,024.90","2,220.30","55,04,806","15,41,72,56,016.70","2,80,459"
"08-May-2024","EQ","2,795.00","2,865.90","2,795.00","2,802.95","2,834.25","2,837.10","2,834.70","3,024.90","2,220.30","47,19,501","13,37,83,80,314.55","1,91,054"
"07-May-2024","EQ","2,831.95","2,841.50","2,784.00","2,839.05","2,808.00","2,802.95","2,804.43","3,024.90","2,220.30","72,58,736","20,35,65,96,310.45","3,08,242"
"06-May-2024","EQ","2,871.00","2,880.00","2,836.00","2,868.00","2,843.40","2,839.05","2,851.80","3,024.90","2,220.30","36,97,104","10,54,34,11,394.40","1,68,077"
"03-May-2024","EQ","2,942.00","2,949.90","2,832.30","2,933.10","2,871.00","2,868.00","2,876.27","3,024.90","2,220.30","86,13,479","24,77,47,10,139.90","3,58,280"
"02-May-2024","EQ","2,944.00","2,954.65","2,928.25","2,934.00","2,938.10","2,933.10","2,941.23","3,024.90","2,220.30","72,56,323","21,34,25,18,418.90","3,06,721"
"30-Apr-2024","EQ","2,936.00","2,966.15","2,925.75","2,930.05","2,932.00","2,934.00","2,947.60","3,024.90","2,220.30","57,37,131","16,91,07,77,825.20","2,10,901"
"29-Apr-2024","EQ","2,900.00","2,935.80","2,900.00","2,905.10","2,927.50","2,930.05","2,926.58","3,024.90","2,220.30","36,23,987","10,60,58,75,230.60","1,58,806"
"26-Apr-2024","EQ","2,927.90","2,930.00","2,900.00","2,919.95","2,908.50","2,905.10","2,911.85","3,024.90","2,220.30","47,06,924","13,70,58,73,642.80","2,08,164"
"25-Apr-2024","EQ","2,885.00","2,935.95","2,883.00","2,900.35","2,917.70","2,919.95","2,914.62","3,024.90","2,220.30","79,71,963","23,23,52,72,655.30","2,36,911"
"24-Apr-2024","EQ","2,927.00","2,937.10","2,899.00","2,918.65","2,901.45","2,900.35","2,917.88","3,024.90","2,220.30","52,31,388","15,26,45,81,699.05","1,86,848"
"23-Apr-2024","EQ","2,958.00","2,987.00","2,911.10","2,959.70","2,919.50","2,918.65","2,944.51","3,024.90","2,220.30","73,02,777","21,50,31,28,837.35","3,39,439"
"22-Apr-2024","EQ","2,944.90","2,965.65","2,935.60","2,940.25","2,962.90","2,959.70","2,950.88","3,024.90","2,220.30","51,75,181","15,27,13,48,793.50","1,63,758"
"19-Apr-2024","EQ","2,913.55","2,948.00","2,886.05","2,928.65","2,943.05","2,940.25","2,922.72","3,024.90","2,220.30","78,70,889","23,00,43,85,019.15","2,57,506"
"18-Apr-2024","EQ","2,927.00","2,972.00","2,918.70","2,931.50","2,925.00","2,928.65","2,940.33","3,024.90","2,220.30","95,02,846","27,94,15,31,144.35","2,92,105"
"16-Apr-2024","EQ","2,906.70","2,942.35","2,901.85","2,929.65","2,936.50","2,931.50","2,922.76","3,024.90","2,220.30","46,83,092","13,68,75,64,159.45","2,02,013"
"15-Apr-2024","EQ","2,922.00","2,964.25","2,892.65","2,934.30","2,931.00","2,929.65","2,937.49","3,024.90","2,220.30","64,51,031","18,94,98,08,687.30","2,78,625"
"12-Apr-2024","EQ","2,951.75","2,972.95","2,926.15","2,959.15","2,937.15","2,934.30","2,950.89","3,024.90","2,220.30","77,75,506","22,94,46,47,360.80","3,18,190"
"10-Apr-2024","EQ","2,932.70","2,974.00","2,932.70","2,927.30","2,955.00","2,959.15","2,956.51","3,024.90","2,220.30","45,69,165","13,50,87,81,489.15","2,47,782"
"09-Apr-2024","EQ","2,978.00","2,979.60","2,925.00","2,971.95","2,931.90","2,927.30","2,942.09","3,024.90","2,220.30","35,35,707","10,40,23,78,582.00","1,66,238"
"08-Apr-2024","EQ","2,925.95","2,981.95","2,922.00","2,920.20","2,970.00","2,971.95","2,967.76","3,024.90","2,220.30","41,78,559","12,40,09,63,621.65","1,44,054"
"05-Apr-2024","EQ","2,921.75","2,941.60","2,912.00","2,925.85","2,925.95","2,920.20","2,924.97","3,024.90","2,220.30","37,21,149","10,88,42,50,027.90","1,38,742"
"04-Apr-2024","EQ","2,959.50","2,959.50","2,900.00","2,943.20","2,931.00","2,925.85","2,924.41","3,024.90","2,220.30","72,45,136","21,18,77,69,929.50","3,05,593"
"03-Apr-2024","EQ","2,964.15","2,968.90","2,937.80","2,973.90","2,944.95","2,943.20","2,950.91","3,024.90","2,220.30","35,04,146","10,34,04,31,852.20","1,52,022"
"02-Apr-2024","EQ","2,968.00","2,988.00","2,950.00","2,969.55","2,977.00","2,973.90","2,964.64","3,024.90","2,220.30","44,55,083","13,20,77,26,108.30","1,44,866"
"01-Apr-2024","EQ","2,984.95","2,987.95","2,965.00","2,971.70","2,974.80","2,969.55","2,973.78","3,024.90","2,220.30","25,06,940","7,45,50,79,986.05","1,28,873"
"28-Mar-2024","EQ","2,985.75","3,011.90","2,957.30","2,985.70","2,970.30","2,971.70","2,988.81","3,024.90","2,220.30","1,09,27,182","32,65,92,43,942.20","2,89,271"
"27-Mar-2024","EQ","2,896.00","3,000.00","2,894.00","2,883.15","2,983.75","2,985.70","2,972.19","3,024.90","2,220.30","81,63,322","24,26,29,83,466.45","2,99,800"
"26-Mar-2024","EQ","2,890.00","2,904.80","2,878.00","2,910.05","2,886.70","2,883.15","2,887.28","3,024.90","2,220.30","57,07,953","16,48,04,30,505.15","1,74,805"
"22-Mar-2024","EQ","2,899.95","2,920.00","2,894.70","2,901.95","2,906.55","2,910.05","2,909.59","3,024.90","2,220.30","97,63,804","28,40,86,77,998.20","2,86,746"
"21-Mar-2024","EQ","2,905.05","2,915.80","2,889.35","2,887.50","2,900.05","2,901.95","2,903.52","3,024.90","2,220.30","65,03,468","18,88,29,74,161.40","2,44,846"
"20-Mar-2024","EQ","2,855.90","2,890.00","2,848.05","2,850.50","2,886.25","2,887.50","2,874.53","3,024.90","2,220.30","42,44,403","12,20,06,51,007.80","2,08,132"
"19-Mar-2024","EQ","2,857.50","2,875.20","2,834.50","2,878.95","2,849.15","2,850.50","2,848.79","3,024.90","2,220.30","41,37,882","11,78,79,73,196.45","1,96,658"
"18-Mar-2024","EQ","2,840.00","2,883.45","2,833.05","2,836.45","2,874.00","2,878.95","2,858.10","3,024.90","2,220.30","45,84,696","13,10,35,38,361.45","2,28,224"
"15-Mar-2024","EQ","2,851.90","2,866.45","2,825.80","2,862.95","2,838.00","2,836.45","2,839.66","3,024.90","2,220.30","96,11,909","27,29,45,38,070.95","2,49,827"
"14-Mar-2024","EQ","2,879.40","2,897.05","2,851.00","2,864.35","2,870.00","2,862.95","2,871.07","3,024.90","2,220.30","92,85,551","26,65,94,95,810.00","3,43,017"
"13-Mar-2024","EQ","2,959.55","2,966.20","2,855.55","2,950.85","2,873.20","2,864.35","2,889.98","3,024.90","2,220.30","67,61,067","19,53,93,20,816.80","2,55,973"
"12-Mar-2024","EQ","2,933.20","2,976.00","2,930.05","2,933.20","2,953.50","2,950.85","2,956.49","3,024.90","2,220.30","47,16,339","13,94,38,14,809.40","1,78,946"
"11-Mar-2024","EQ","2,978.00","2,978.00","2,927.00","2,957.85","2,928.00","2,933.20","2,950.20","3,024.90","2,220.30","56,38,565","16,63,48,94,693.10","2,55,615"
"07-Mar-2024","EQ","3,005.95","3,006.20","2,951.10","3,006.00","2,957.00","2,957.85","2,973.36","3,024.90","2,220.30","41,57,863","12,36,28,39,422.10","1,95,070"
"06-Mar-2024","EQ","2,986.90","3,018.00","2,957.00","3,000.40","3,002.85","3,006.00","2,991.36","3,024.90","2,220.30","39,02,838","11,67,47,86,490.95","2,05,634"
"05-Mar-2024","EQ","3,011.55","3,014.80","2,972.10","3,014.80","2,996.00","3,000.40","2,992.50","3,024.90","2,220.30","35,53,834","10,63,48,36,947.90","2,13,477"
"04-Mar-2024","EQ","2,980.95","3,024.90","2,974.45","2,982.15","3,010.00","3,014.80","3,003.93","3,024.90","2,220.30","50,12,210","15,05,63,20,911.10","2,40,680"
"02-Mar-2024","EQ","2,984.00","3,000.90","2,976.00","2,984.25","2,980.95","2,982.15","2,989.65","3,000.90","2,220.30","3,58,150","1,07,07,43,614.70","18,856"
"01-Mar-2024","EQ","2,927.00","3,000.00","2,925.00","2,921.60","2,977.00","2,984.25","2,966.96","3,000.00","2,220.30","60,66,463","17,99,89,57,520.55","2,72,154"
"29-Feb-2024","EQ","2,930.00","2,957.95","2,909.05","2,911.25","2,930.75","2,921.60","2,927.13","2,999.90","2,220.30","1,18,14,488","34,58,24,93,286.65","2,98,691"
"28-Feb-2024","EQ","2,966.00","2,982.55","2,900.35","2,971.30","2,915.00","2,911.25","2,931.01","2,999.90","2,220.30","43,23,975","12,67,36,07,274.50","2,16,192"
"27-Feb-2024","EQ","2,966.05","2,999.90","2,956.10","2,974.65","2,971.00","2,971.30","2,974.38","2,999.90","2,220.30","54,13,022","16,10,04,08,443.55","1,97,414"
"26-Feb-2024","EQ","2,987.10","2,989.05","2,965.00","2,987.25","2,975.10","2,974.65","2,974.31","2,995.10","2,220.30","37,56,553","11,17,31,63,735.60","1,41,799"
"23-Feb-2024","EQ","2,979.00","2,995.10","2,966.70","2,963.50","2,986.55","2,987.25","2,982.96","2,995.10","2,220.30","72,19,292","21,53,48,40,027.25","2,55,210"
"22-Feb-2024","EQ","2,936.30","2,969.90","2,916.00","2,935.40","2,962.20","2,963.50","2,944.65","2,977.05","2,220.30","92,46,864","27,22,87,62,576.20","2,73,105"
"21-Feb-2024","EQ","2,948.00","2,977.05","2,915.10","2,942.05","2,932.05","2,935.40","2,949.30","2,977.05","2,220.30","63,60,146","18,75,79,66,311.65","2,89,896"
"20-Feb-2024","EQ","2,950.05","2,951.00","2,923.60","2,948.00","2,941.45","2,942.05","2,937.06","2,969.45","2,220.30","35,58,748","10,45,22,64,180.75","1,72,812"
"19-Feb-2024","EQ","2,924.10","2,959.00","2,907.05","2,921.15","2,940.00","2,948.00","2,934.52","2,969.45","2,220.30","33,64,914","9,87,43,95,305.15","1,43,935"
"16-Feb-2024","EQ","2,952.95","2,954.00","2,917.10","2,941.20","2,925.00","2,921.15","2,932.13","2,969.45","2,220.30","48,83,749","14,31,97,75,078.35","1,70,212"
"15-Feb-2024","EQ","2,966.70","2,969.45","2,933.05","2,962.75","2,944.50","2,941.20","2,946.03","2,969.45","2,220.30","50,03,391","14,74,01,28,065.85","2,36,768"
"14-Feb-2024","EQ","2,915.00","2,967.30","2,915.00","2,930.20","2,963.60","2,962.75","2,943.59","2,967.30","2,220.30","35,58,944","10,47,60,84,977.75","2,00,869"
"13-Feb-2024","EQ","2,911.00","2,958.00","2,908.00","2,904.70","2,926.20","2,930.20","2,934.72","2,958.00","2,220.30","38,57,797","11,32,15,54,002.65","1,78,755"
"12-Feb-2024","EQ","2,921.50","2,922.00","2,884.70","2,921.50","2,904.00","2,904.70","2,900.64","2,949.80","2,220.30","33,37,215","9,68,00,50,427.50","1,70,350"
"09-Feb-2024","EQ","2,908.00","2,943.95","2,901.90","2,900.25","2,917.30","2,921.50","2,924.38","2,949.80","2,220.30","62,78,399","18,36,04,29,342.90","2,48,252"
"08-Feb-2024","EQ","2,900.00","2,918.95","2,855.05","2,884.30","2,916.00","2,900.25","2,882.90","2,949.80","2,220.30","73,47,317","21,18,16,03,384.90","3,20,055"
"07-Feb-2024","EQ","2,871.85","2,899.00","2,858.50","2,855.60","2,885.00","2,884.30","2,876.04","2,949.80","2,220.30","46,48,284","13,36,86,50,630.75","2,28,951"
"06-Feb-2024","EQ","2,883.70","2,883.70","2,839.65","2,878.05","2,854.75","2,855.60","2,859.49","2,949.80","2,220.30","45,23,992","12,93,63,28,247.70","2,40,512"
"05-Feb-2024","EQ","2,921.50","2,941.00","2,863.05","2,915.40","2,879.45","2,878.05","2,907.30","2,949.80","2,220.30","44,07,216","12,81,31,04,310.25","1,97,343"
"02-Feb-2024","EQ","2,866.35","2,949.80","2,866.35","2,853.30","2,913.00","2,915.40","2,913.44","2,949.80","2,220.30","98,26,294","28,62,83,19,858.85","4,20,949"
"01-Feb-2024","EQ","2,870.00","2,886.70","2,836.10","2,853.25","2,851.50","2,853.30","2,857.88","2,919.95","2,220.30","66,74,681","19,07,54,09,129.85","2,59,110"
"31-Jan-2024","EQ","2,808.00","2,868.50","2,805.00","2,815.25","2,850.00","2,853.25","2,847.99","2,919.95","2,220.30","75,65,113","21,54,54,02,809.00","3,43,623"
"30-Jan-2024","EQ","2,919.90","2,919.95","2,808.85","2,896.10","2,818.25","2,815.25","2,854.34","2,919.95","2,220.30","70,46,989","20,11,45,36,190.80","3,14,728"
"29-Jan-2024","EQ","2,729.00","2,905.00","2,720.35","2,706.15","2,890.10","2,896.10","2,842.26","2,905.00","2,220.30","1,19,46,719","33,95,56,52,629.40","4,64,414"
"25-Jan-2024","EQ","2,685.90","2,728.30","2,670.40","2,687.75","2,711.00","2,706.15","2,697.07","2,792.90","2,220.30","59,04,436","15,92,46,81,035.80","1,99,408"
"24-Jan-2024","EQ","2,670.45","2,699.00","2,647.85","2,657.15","2,694.90","2,687.75","2,664.32","2,792.90","2,220.30","1,09,59,564","29,19,98,12,068.10","2,53,093"
"23-Jan-2024","EQ","2,743.50","2,743.50","2,645.10","2,713.30","2,656.75","2,657.15","2,674.90","2,792.90","2,220.30","1,00,27,710","26,82,30,81,585.30","3,37,484"
"20-Jan-2024","EQ","2,730.00","2,766.95","2,700.00","2,734.90","2,716.00","2,713.30","2,734.20","2,792.90","2,220.30","36,41,697","9,95,71,10,928.55","1,28,579"
"19-Jan-2024","EQ","2,752.00","2,752.00","2,718.00","2,735.90","2,736.45","2,734.90","2,732.29","2,792.90","2,220.30","52,11,352","14,23,89,41,782.60","2,75,902"
"18-Jan-2024","EQ","2,702.80","2,742.00","2,702.50","2,723.15","2,734.75","2,735.90","2,724.93","2,792.90","2,220.30","51,39,719","14,00,53,71,079.55","2,53,448"
"17-Jan-2024","EQ","2,719.00","2,772.55","2,710.05","2,749.25","2,723.50","2,723.15","2,738.75","2,792.90","2,220.30","60,98,691","16,70,27,84,157.50","3,12,203"
"16-Jan-2024","EQ","2,779.95","2,792.60","2,741.00","2,788.25","2,746.80","2,749.25","2,770.68","2,792.90","2,220.30","45,34,512","12,56,36,73,259.40","2,35,619"
"15-Jan-2024","EQ","2,750.00","2,792.90","2,732.00","2,741.45","2,786.00","2,788.25","2,768.73","2,792.90","2,220.30","43,05,297","11,92,02,19,926.15","2,37,252"
"12-Jan-2024","EQ","2,719.80","2,746.65","2,691.50","2,719.80","2,740.50","2,741.45","2,729.49","2,746.65","2,220.30","75,06,082","20,48,77,45,085.40","4,34,055"
"11-Jan-2024","EQ","2,659.00","2,725.00","2,657.00","2,650.10","2,716.00","2,719.80","2,695.73","2,725.00","2,220.30","1,18,62,926","31,97,92,89,599.90","5,81,952"
"10-Jan-2024","EQ","2,577.00","2,659.00","2,575.05","2,580.50","2,655.00","2,650.10","2,616.79","2,659.00","2,220.30","55,51,370","14,52,67,42,701.55","1,79,441"
"09-Jan-2024","EQ","2,600.00","2,606.80","2,577.20","2,587.35","2,580.50","2,580.50","2,592.44","2,634.00","2,220.30","27,01,537","7,00,35,71,441.95","1,30,706"
"08-Jan-2024","EQ","2,610.00","2,631.95","2,568.95","2,607.70","2,586.00","2,587.35","2,600.55","2,634.00","2,220.30","38,67,326","10,05,71,68,474.15","1,71,169"
"05-Jan-2024","EQ","2,602.90","2,619.85","2,598.00","2,596.65","2,609.00","2,607.70","2,606.82","2,634.00","2,220.30","40,43,203","10,53,98,86,698.05","2,11,413"
"04-Jan-2024","EQ","2,588.00","2,609.85","2,579.10","2,583.30","2,600.00","2,596.65","2,597.37","2,634.00","2,220.30","48,06,389","12,48,39,71,502.55","2,67,185"
"03-Jan-2024","EQ","2,610.00","2,634.00","2,577.20","2,611.70","2,580.75","2,583.30","2,606.46","2,634.00","2,220.30","45,18,768","11,77,80,06,447.25","1,98,303"
"02-Jan-2024","EQ","2,585.00","2,615.00","2,573.00","2,590.25","2,609.00","2,611.70","2,596.75","2,630.95","2,220.30","37,24,400","9,67,13,31,567.50","1,75,872"
"01-Jan-2024","EQ","2,580.55","2,606.85","2,573.15","2,584.95","2,588.45","2,590.25","2,588.14","2,630.95","2,220.30","20,15,270","5,21,58,08,110.05","1,15,559"
"29-Dec-2023","EQ","2,611.10","2,614.00","2,579.30","2,605.55","2,587.00","2,584.95","2,589.61","2,630.95","2,220.30","54,32,292","14,06,74,90,670.90","2,48,419"
"28-Dec-2023","EQ","2,589.80","2,612.00","2,586.85","2,586.85","2,605.00","2,605.55","2,602.58","2,630.95","2,220.30","61,51,318","16,00,92,95,262.65","2,28,625"
"27-Dec-2023","EQ","2,582.00","2,599.90","2,573.10","2,578.05","2,583.35","2,586.85","2,586.56","2,630.95","2,220.30","46,02,078","11,90,35,47,787.85","1,91,497"
"26-Dec-2023","EQ","2,568.00","2,591.95","2,562.70","2,565.05","2,579.00","2,578.05","2,579.88","2,630.95","2,220.30","37,32,832","9,63,02,62,624.25","1,88,513"
"22-Dec-2023","EQ","2,559.60","2,580.90","2,547.65","2,562.55","2,561.00","2,565.05","2,559.79","2,630.95","2,220.30","82,70,892","21,17,17,13,990.35","2,74,088"
"21-Dec-2023","EQ","2,527.00","2,573.50","2,518.25","2,527.15","2,561.00","2,562.55","2,551.74","2,630.95","2,220.30","68,82,727","17,56,29,46,483.40","2,35,158"
"20-Dec-2023","EQ","2,571.05","2,598.85","2,520.00","2,558.10","2,529.40","2,527.15","2,563.63","2,630.95","2,220.30","88,68,361","22,73,51,94,766.35","3,72,595"
"19-Dec-2023","EQ","2,555.00","2,573.90","2,525.20","2,521.00","2,556.50","2,558.10","2,553.63","2,630.95","2,220.30","84,10,302","21,47,67,99,671.65","3,31,728"
"18-Dec-2023","EQ","2,495.60","2,534.90","2,490.95","2,495.60","2,520.00","2,521.00","2,521.89","2,630.95","2,220.30","70,82,594","17,86,15,36,572.75","2,53,336"
"15-Dec-2023","EQ","2,478.00","2,500.00","2,470.05","2,464.15","2,492.00","2,495.60","2,487.92","2,630.95","2,220.30","79,66,076","19,81,89,94,725.95","2,19,982"
"14-Dec-2023","EQ","2,454.00","2,474.95","2,442.65","2,433.95","2,463.55","2,464.15","2,464.76","2,630.95","2,220.30","84,86,177","20,91,64,13,095.30","3,08,013"
"13-Dec-2023","EQ","2,422.00","2,438.35","2,406.30","2,424.05","2,432.05","2,433.95","2,422.37","2,630.95","2,220.30","50,15,591","12,14,96,35,536.75","2,03,903"
"12-Dec-2023","EQ","2,460.00","2,464.95","2,420.15","2,459.35","2,424.00","2,424.05","2,442.73","2,630.95","2,220.30","45,98,562","11,23,30,58,046.60","1,64,611"
"11-Dec-2023","EQ","2,456.00","2,467.60","2,452.40","2,455.75","2,460.90","2,459.35","2,459.80","2,630.95","2,220.30","35,33,069","8,69,06,54,768.25","1,48,258"
"08-Dec-2023","EQ","2,463.85","2,476.70","2,445.00","2,457.05","2,451.00","2,455.75","2,457.48","2,630.95","2,220.30","51,02,447","12,53,91,53,828.90","1,93,898"
"07-Dec-2023","EQ","2,460.00","2,460.95","2,442.00","2,461.10","2,456.15","2,457.05","2,453.62","2,630.95","2,220.30","40,71,048","9,98,87,95,871.30","1,69,328"
"06-Dec-2023","EQ","2,447.10","2,472.95","2,435.00","2,437.75","2,462.00","2,461.10","2,459.66","2,630.95","2,220.30","82,11,221","20,19,68,20,469.50","2,03,350"
"05-Dec-2023","EQ","2,439.00","2,440.85","2,421.65","2,420.20","2,437.15","2,437.75","2,435.32","2,630.95","2,220.30","63,46,812","15,45,64,91,179.15","2,70,813"
"04-Dec-2023","EQ","2,450.00","2,450.00","2,398.60","2,394.30","2,421.00","2,420.20","2,417.16","2,630.95","2,220.30","77,95,495","18,84,29,40,784.80","2,49,010"
"01-Dec-2023","EQ","2,378.00","2,396.40","2,377.60","2,377.45","2,393.00","2,394.30","2,389.47","2,630.95","2,220.30","71,71,421","17,13,59,06,079.40","2,18,016"
"30-Nov-2023","EQ","2,394.70","2,400.70","2,369.90","2,400.70","2,379.00","2,377.45","2,382.58","2,630.95","2,220.30","1,42,19,992","33,88,02,61,609.25","3,68,003"
"29-Nov-2023","EQ","2,408.00","2,411.95","2,398.05","2,394.40","2,400.00","2,400.70","2,406.54","2,630.95","2,220.30","62,65,653","15,07,85,54,701.80","1,61,091"
"28-Nov-2023","EQ","2,393.90","2,399.70","2,375.25","2,393.90","2,395.15","2,394.40","2,383.04","2,630.95","2,220.30","68,96,087","16,43,36,74,720.45","2,21,537"
"24-Nov-2023","EQ","2,391.60","2,402.60","2,391.05","2,395.50","2,394.25","2,393.90","2,397.29","2,630.95","2,220.30","33,74,743","8,09,02,26,237.15","1,82,231"
"23-Nov-2023","EQ","2,388.20","2,400.00","2,388.20","2,388.20","2,393.90","2,395.50","2,395.76","2,630.95","2,220.30","42,65,771","10,21,97,70,255.80","1,51,936"
"22-Nov-2023","EQ","2,375.00","2,394.45","2,372.20","2,378.90","2,387.00","2,388.20","2,385.76","2,630.95","2,220.30","42,67,407","10,18,10,03,165.90","1,77,755"
"21-Nov-2023","EQ","2,366.00","2,388.00","2,360.20","2,349.35","2,377.00","2,378.90","2,377.09","2,630.95","2,220.30","41,07,225","9,76,32,57,904.05","1,63,809"
"20-Nov-2023","EQ","2,348.55","2,358.40","2,336.40","2,355.55","2,349.00","2,349.35","2,346.96","2,630.95","2,220.30","22,45,093","5,26,91,53,540.00","1,17,438"
"17-Nov-2023","EQ","2,352.90","2,373.25","2,352.05","2,360.70","2,354.85","2,355.55","2,363.50","2,630.95","2,220.30","38,79,317","9,16,87,51,612.00","1,40,454"
"16-Nov-2023","EQ","2,351.10","2,374.15","2,346.95","2,356.45","2,358.00","2,360.70","2,363.74","2,630.95","2,220.30","65,67,455","15,52,37,61,404.10","1,79,828"
"15-Nov-2023","EQ","2,340.00","2,361.95","2,327.00","2,314.60","2,356.10","2,356.45","2,346.76","2,630.95","2,220.30","61,10,324","14,33,94,87,044.50","1,88,402"
"13-Nov-2023","EQ","2,322.90","2,324.60","2,311.70","2,330.65","2,315.10","2,314.60","2,316.15","2,630.95","2,220.30","19,27,405","4,46,41,62,629.45","1,01,023"
"12-Nov-2023","EQ","2,326.05","2,332.00","2,322.50","2,314.90","2,330.90","2,330.65","2,328.71","2,630.95","2,220.30","7,09,922","1,65,32,02,914.45","54,331"
"10-Nov-2023","EQ","2,305.55","2,316.35","2,298.05","2,310.55","2,315.90","2,314.90","2,308.66","2,630.95","2,220.30","38,67,477","8,92,86,95,452.35","1,44,846"
"09-Nov-2023","EQ","2,335.85","2,335.90","2,304.20","2,335.90","2,311.45","2,310.55","2,316.51","2,630.95","2,220.30","72,56,805","16,81,04,55,976.65","2,64,597"
"08-Nov-2023","EQ","2,332.00","2,341.00","2,321.75","2,323.80","2,333.75","2,335.90","2,335.80","2,630.95","2,220.30","39,42,247","9,20,82,87,625.15","1,50,160"
"07-Nov-2023","EQ","2,334.05","2,339.10","2,319.55","2,339.00","2,323.10","2,323.80","2,328.29","2,630.95","2,220.30","34,80,102","8,10,26,78,736.35","1,64,587"
"06-Nov-2023","EQ","2,332.30","2,340.00","2,325.60","2,319.70","2,339.00","2,339.00","2,334.20","2,630.95","2,220.30","53,23,652","12,42,64,55,971.70","1,59,387"
"03-Nov-2023","EQ","2,327.20","2,334.95","2,315.75","2,320.20","2,319.00","2,319.70","2,325.94","2,630.95","2,220.30","44,25,078","10,29,24,87,339.95","1,57,991"
"02-Nov-2023","EQ","2,313.95","2,324.30","2,307.95","2,297.40","2,319.00","2,320.20","2,316.45","2,630.95","2,220.30","52,81,052","12,23,32,75,556.75","1,56,658"
"01-Nov-2023","EQ","2,289.15","2,317.50","2,275.20","2,287.90","2,294.70","2,297.40","2,301.86","2,630.95","2,220.30","51,54,595","11,86,51,33,915.60","1,72,384"
"31-Oct-2023","EQ","2,328.00","2,328.00","2,282.90","2,312.50","2,289.00","2,287.90","2,302.76","2,630.95","2,220.30","64,04,219","14,74,73,54,996.70","2,85,198"
"30-Oct-2023","EQ","2,274.00","2,325.00","2,269.95","2,265.80","2,309.00","2,312.50","2,310.35","2,630.95","2,220.30","84,06,652","19,42,22,70,423.05","3,52,375"
"27-Oct-2023","EQ","2,240.00","2,273.50","2,235.95","2,226.50","2,266.15","2,265.80","2,262.35","2,630.95","2,220.30","58,85,542","13,31,51,43,153.75","2,47,495"
"26-Oct-2023","EQ","2,251.00","2,258.00","2,220.30","2,257.95","2,223.00","2,226.50","2,232.86","2,630.95","2,220.30","76,11,267","16,99,49,10,102.90","3,49,499"
"25-Oct-2023","EQ","2,250.05","2,281.20","2,243.00","2,263.20","2,256.00","2,257.95","2,261.49","2,630.95","2,243.00","58,10,344","13,14,00,35,999.60","2,76,253"
"23-Oct-2023","EQ","2,290.00","2,306.25","2,255.25","2,299.10","2,262.90","2,263.20","2,283.24","2,630.95","2,255.25","39,26,981","8,96,62,23,109.05","2,29,519"
"20-Oct-2023","EQ","2,300.00","2,314.70","2,296.30","2,306.15","2,296.60","2,299.10","2,302.59","2,630.95","2,295.00","44,56,656","10,26,18,59,218.60","2,36,801"
"19-Oct-2023","EQ","2,312.00","2,321.80","2,301.00","2,324.00","2,304.65","2,306.15","2,310.08","2,630.95","2,295.00","60,16,278","13,89,81,02,710.85","3,06,999"
"18-Oct-2023","EQ","2,355.25","2,367.00","2,321.00","2,355.25","2,321.40","2,324.00","2,341.91","2,630.95","2,295.00","44,59,160","10,44,29,44,805.70","1,97,131"
"17-Oct-2023","EQ","2,356.00","2,359.70","2,341.30","2,344.05","2,356.20","2,355.25","2,350.51","2,630.95","2,295.00","39,64,090","9,31,76,49,591.75","1,32,520"
"16-Oct-2023","EQ","2,345.00","2,354.55","2,336.00","2,349.30","2,345.80","2,344.05","2,346.59","2,630.95","2,295.00","29,64,518","6,95,65,22,674.05","1,74,031"
"13-Oct-2023","EQ","2,340.00","2,357.50","2,329.15","2,349.40","2,344.95","2,349.30","2,344.56","2,630.95","2,295.00","50,75,158","11,89,89,99,931.90","1,96,532"
"12-Oct-2023","EQ","2,343.85","2,359.35","2,338.15","2,345.05","2,347.35","2,349.40","2,350.76","2,630.95","2,295.00","62,77,225","14,75,62,75,104.15","2,31,306"
"11-Oct-2023","EQ","2,314.45","2,349.70","2,313.00","2,308.40","2,345.75","2,345.05","2,333.86","2,630.95","2,295.00","49,07,059","11,45,23,67,310.50","1,99,005"
"10-Oct-2023","EQ","2,306.55","2,317.90","2,303.75","2,298.25","2,310.30","2,308.40","2,309.03","2,630.95","2,295.00","51,18,016","11,81,76,66,201.85","2,40,623"
"09-Oct-2023","EQ","2,308.10","2,311.95","2,295.00","2,318.00","2,295.15","2,298.25","2,302.95","2,630.95","2,295.00","37,88,439","8,72,45,97,410.05","2,15,473"
"06-Oct-2023","EQ","2,317.05","2,324.80","2,312.05","2,314.10","2,317.65","2,318.00","2,318.80","2,630.95","2,295.10","27,15,513","6,29,67,30,156.55","1,65,579"
"05-Oct-2023","EQ","2,319.25","2,329.40","2,309.00","2,314.15","2,312.90","2,314.10","2,317.43","2,630.95","2,295.10","54,76,841","12,69,21,81,391.50","2,20,239"
"04-Oct-2023","EQ","2,309.00","2,319.00","2,295.10","2,318.15","2,314.10","2,314.15","2,304.24","2,630.95","2,295.10","51,43,193","11,85,11,41,943.50","2,61,511"
"03-Oct-2023","EQ","2,329.95","2,335.60","2,316.00","2,345.00","2,318.40","2,318.15","2,322.04","2,630.95","2,316.00","44,29,528","10,28,55,26,678.70","1,92,207"
"29-Sep-2023","EQ","2,341.80","2,369.10","2,334.10","2,334.10","2,342.05","2,345.00","2,350.92","2,630.95","2,325.00","61,71,007","14,50,75,25,911.60","1,78,898"
"28-Sep-2023","EQ","2,383.00","2,383.00","2,325.00","2,368.90","2,339.00","2,334.10","2,352.03","2,630.95","2,325.00","72,59,173","17,07,38,06,729.35","2,83,992"
"27-Sep-2023","EQ","2,343.50","2,371.80","2,338.50","2,342.50","2,371.00","2,368.90","2,355.73","2,630.95","2,335.10","58,61,389","13,80,78,21,671.35","2,33,089"
"26-Sep-2023","EQ","2,338.55","2,350.20","2,335.60","2,340.45","2,340.00","2,342.50","2,342.35","2,630.95","2,335.10","50,43,891","11,81,45,81,030.50","1,68,749"
"25-Sep-2023","EQ","2,350.40","2,360.70","2,335.10","2,354.95","2,339.50","2,340.45","2,343.52","2,630.95","2,335.10","71,27,442","16,70,32,85,186.15","2,66,745"
"22-Sep-2023","EQ","2,376.00","2,382.45","2,350.00","2,364.80","2,356.50","2,354.95","2,363.47","2,630.95","2,350.00","95,88,393","22,66,18,97,562.05","3,02,933"
"21-Sep-2023","EQ","2,374.95","2,390.10","2,360.00","2,382.15","2,365.00","2,364.80","2,370.70","2,630.95","2,355.00","61,13,091","14,49,22,94,094.80","2,92,445"
"20-Sep-2023","EQ","2,423.05","2,427.60","2,355.00","2,436.45","2,380.65","2,382.15","2,377.79","2,630.95","2,355.00","2,85,40,942","67,86,44,89,357.80","3,50,883"
"18-Sep-2023","EQ","2,440.05","2,451.00","2,432.05","2,457.85","2,434.00","2,436.45","2,442.35","2,630.95","2,399.90","37,58,150","9,17,87,15,239.40","1,35,713"
"15-Sep-2023","EQ","2,468.00","2,468.00","2,449.50","2,453.30","2,452.50","2,457.85","2,458.32","2,630.95","2,399.90","1,27,34,296","31,30,49,96,690.80","1,72,228"
"14-Sep-2023","EQ","2,460.00","2,465.80","2,445.00","2,451.05","2,456.00","2,453.30","2,454.20","2,630.95","2,399.90","46,04,818","11,30,11,41,212.65","2,59,706"
"13-Sep-2023","EQ","2,440.00","2,462.65","2,426.25","2,438.85","2,450.10","2,451.05","2,451.78","2,630.95","2,399.90","64,01,669","15,69,54,91,695.65","1,53,034"
"12-Sep-2023","EQ","2,483.00","2,483.00","2,435.95","2,474.60","2,437.00","2,438.85","2,451.73","2,630.95","2,399.90","81,27,833","19,92,72,45,602.50","2,30,277"
"11-Sep-2023","EQ","2,452.00","2,476.85","2,452.00","2,448.20","2,473.05","2,474.60","2,468.87","2,630.95","2,399.90","66,35,537","16,38,22,49,910.10","2,16,515"
"08-Sep-2023","EQ","2,440.00","2,456.00","2,422.95","2,432.00","2,451.00","2,448.20","2,435.83","2,630.95","2,399.90","1,15,54,644","28,14,51,73,638.30","2,03,161"
"07-Sep-2023","EQ","2,421.70","2,438.25","2,411.00","2,428.70","2,431.00","2,432.00","2,424.86","2,630.95","2,399.90","68,26,286","16,55,27,69,825.75","1,76,371"
"06-Sep-2023","EQ","2,421.10","2,436.15","2,417.25","2,423.60","2,426.35","2,428.70","2,427.46","2,630.95","2,399.90","41,00,185","9,95,30,29,723.50","1,68,907"
"05-Sep-2023","EQ","2,420.00","2,433.95","2,412.45","2,410.70","2,426.00","2,423.60","2,423.22","2,630.95","2,399.90","43,37,938","10,51,17,62,468.35","1,60,296"
"04-Sep-2023","EQ","2,412.65","2,423.65","2,405.30","2,412.65","2,411.05","2,410.70","2,413.56","2,630.95","2,399.90","46,73,813","11,28,05,12,429.60","1,67,154"
"01-Sep-2023","EQ","2,406.55","2,425.65","2,401.65","2,407.00","2,411.40","2,412.65","2,413.40","2,630.95","2,399.90","90,56,421","21,85,67,99,694.25","2,85,753"
"31-Aug-2023","EQ","2,423.00","2,425.00","2,399.90","2,418.05","2,408.00","2,407.00","2,410.24","2,630.95","2,399.90","1,08,19,300","26,07,70,96,813.90","2,63,614"
"30-Aug-2023","EQ","2,432.00","2,443.00","2,415.00","2,420.35","2,419.40","2,418.05","2,426.59","2,630.95","2,408.15","60,84,473","14,76,45,44,103.55","2,20,096"
"29-Aug-2023","EQ","2,452.05","2,453.45","2,408.15","2,443.75","2,422.00","2,420.35","2,425.23","2,630.95","2,408.15","84,38,322","20,46,48,39,388.10","3,19,838"
"28-Aug-2023","EQ","2,472.00","2,484.00","2,431.10","2,468.35","2,436.95","2,443.75","2,465.38","2,630.95","2,431.10","62,90,413","15,50,82,40,986.20","2,48,985"